{"cameraMode":{"drawMode":0,"name":"Shaded","section":"Shading Mode"},"sceneLighting":true,"audioPlay":false,"sceneViewState":{"m_AlwaysRefresh":false,"showFog":true,"showSkybox":true,"showFlares":true,"showImageEffects":true,"showParticleSystems":true,"showVisualEffectGraphs":true,"m_FxEnabled":true},"in2DMode":false,"pivot":{"x":2.300405740737915,"y":0.45109623670578005,"z":-0.8978869915008545},"rotation":{"x":0.10161319375038147,"y":-0.5467134714126587,"z":0.06698209047317505,"w":0.8284943699836731},"size":0.9796223640441895,"orthographic":false}